category,question,answer,section
Manage existing benefit,How do I update my benefit information?,You can update your benefit information online through your account.,general claim benefits
Manage existing benefit,What if my circumstances change?,Report changes in circumstances immediately to avoid issues.,general claim benefits
Manage existing benefit,Can I appeal a decision?,Yes you can appeal within one month of the decision notice.,general claim benefits
Manage existing benefit,How can I report a change in income?,Report changes in income using the online portal.,general claim benefits
Manage existing benefit,How do I stop claiming benefits?,You can stop claiming by contacting your benefit office.,general claim benefits
Looking for work,How can I apply for Universal Credit?,Apply online through the GOV.UK website.,general claim benefits
Looking for work,Where can I find job vacancies?,Check the Jobcentre Plus website for the latest job vacancies.,general claim benefits
Looking for work,What help is available for job seekers?,You may be eligible for Jobseeker's Allowance or other support.,general claim benefits
Looking for work,How do I prepare for a job interview?,Prepare by researching the company and practicing common interview questions.,general claim benefits
Looking for work,What is the New Enterprise Allowance?,The New Enterprise Allowance helps people start their own business.,general claim benefits
Temporarily unable to work,Can I get sick pay if I'm self-isolating?,Yes Statutory Sick Pay is available if you're self-isolating.,general claim benefits
Temporarily unable to work,What is Employment and Support Allowance?,ESA provides financial support if you're unable to work due to illness.,general claim benefits
Temporarily unable to work,How do I apply for sick pay?,You need to provide a fit note from your doctor to apply for sick pay.,general claim benefits
Temporarily unable to work,What is statutory sick pay?,Statutory Sick Pay is a legal requirement for employers to pay you if you're ill.,general claim benefits
Temporarily unable to work,Can I work part-time while receiving ESA?,You may be able to work part-time under the permitted work rules.,general claim benefits
Families,How do I apply for Child Benefit?,Apply for Child Benefit online or via a postal form.,general claim benefits
Families,What financial support is available for families?,Families may be eligible for Child Tax Credit and other benefits.,general claim benefits
Families,Can I get free school meals for my child?,Eligibility for free school meals depends on your income and benefits.,general claim benefits
Families,What is the Sure Start Maternity Grant?,The Sure Start Maternity Grant is a one-off payment to help with baby costs.,general claim benefits
Families,How do I apply for parental leave?,You can apply for parental leave through your employer.,general claim benefits
Disabled or health condition,What is Personal Independence Payment (PIP)?,PIP helps with extra costs if you have a long-term health condition.,general claim benefits
Disabled or health condition,How do I apply for disability benefits?,You can apply online or by calling the Department for Work and Pensions.,general claim benefits
Disabled or health condition,What support is available for disabled people?,You may be eligible for Disability Living Allowance or other benefits.,general claim benefits
Disabled or health condition,What is Attendance Allowance?,Attendance Allowance helps with extra costs if you're over State Pension age and need someone to help with personal care.,general claim benefits
Disabled or health condition,How do I get a Blue Badge?,Apply for a Blue Badge through your local council's website.,general claim benefits
Caring for someone,Can I get Carer’s Allowance?,You can get Carer's Allowance if you care for someone for at least 35 hours a week.,general claim benefits
Caring for someone,What support is available for carers?,Support includes Carer’s Credit and other financial aid.,general claim benefits
Caring for someone,How do I claim Carer’s Credit?,Apply online or by phone to receive Carer's Credit.,general claim benefits
Caring for someone,What is the Carer's Assessment?,The Carer's Assessment evaluates your needs as a carer and offers support.,general claim benefits
Caring for someone,Can I work while claiming Carer's Allowance?,You can work part-time while claiming Carer's Allowance as long as you don't earn over the limit.,general claim benefits
Low income,How can I apply for Income Support?,Income Support is available for people with low income who meet certain criteria.,general claim benefits
Low income,What is the Warm Home Discount Scheme?,The Warm Home Discount Scheme offers help with energy bills.,general claim benefits
Low income,Can I get help with rent?,Housing Benefit can help you pay your rent if you're on a low income.,general claim benefits
Low income,What is the Budgeting Loan?,The Budgeting Loan helps with essential costs like furniture or rent in advance.,general claim benefits
Low income,How do I apply for Council Tax Reduction?,You can apply for Council Tax Reduction through your local council.,general claim benefits
When someone dies,What help is available for funeral costs?,You may be eligible for a Funeral Expenses Payment.,general claim benefits
When someone dies,How do I apply for Bereavement Support?,Apply for Bereavement Support online or by phone.,general claim benefits
When someone dies,Can I get help with inheritance tax?,There are government schemes to help with inheritance tax if you qualify.,general claim benefits
When someone dies,What is the Bereavement Allowance?,Bereavement Allowance is a weekly benefit paid to widows or widowers.,general claim benefits
When someone dies,How do I inform the government of a death?,Use the Tell Us Once service to inform multiple government agencies of a death.,general claim benefits
Manage existing benefit,How do I change my payment method?,You can change your payment method by updating your account details online.,general claim benefits
Manage existing benefit,What happens if I miss a payment?,If you miss a payment contact the benefit office immediately to avoid penalties.,general claim benefits
Manage existing benefit,How can I get help with budgeting?,Budgeting support is available through the GOV.UK website and various charities.,general claim benefits
Manage existing benefit,What should I do if I’ve been overpaid?,If you’ve been overpaid contact the benefit office to arrange repayment.,general claim benefits
Manage existing benefit,How do I request a benefits statement?,You can request a benefits statement through your online account.,general claim benefits
Looking for work,How can I improve my CV?,CV improvement resources are available through Jobcentre Plus and online.,general claim benefits
Looking for work,What is the Work and Health Programme?,The Work and Health Programme provides support to help you find and stay in work.,general claim benefits
Looking for work,Can I get financial support while studying?,You may be eligible for financial support if you’re studying and looking for work.,general claim benefits
Looking for work,What is a Universal Jobmatch?,Universal Jobmatch is a service that helps you find and apply for jobs.,general claim benefits
Looking for work,How do I sign up for Jobseeker's Allowance?,Sign up for Jobseeker's Allowance by creating an account on the GOV.UK website.,general claim benefits
Temporarily unable to work,How do I report a workplace injury?,Report workplace injuries to your employer and apply for compensation if eligible.,general claim benefits
Temporarily unable to work,What is the difference between ESA and SSP?,ESA is for long-term illness or disability while SSP is for short-term sick leave.,general claim benefits
Temporarily unable to work,How long can I receive ESA?,You can receive ESA for as long as you meet the eligibility criteria.,general claim benefits
Temporarily unable to work,Can I receive other benefits while on ESA?,Yes you may be eligible for additional benefits while receiving ESA.,general claim benefits
Temporarily unable to work,What is the Industrial Injuries Disablement Benefit?,This benefit supports people who have been injured or disabled at work.,general claim benefits
Families,Can I claim Child Benefit if I live abroad?,You may still be eligible for Child Benefit if you live abroad under certain conditions.,general claim benefits
Families,How do I claim childcare costs?,You can claim back a portion of your childcare costs if you’re eligible.,general claim benefits
Families,What is the Healthy Start Scheme?,The Healthy Start Scheme provides vouchers to pregnant women and families with young children.,general claim benefits
Families,How do I apply for Adoption Allowance?,You can apply for Adoption Allowance through your local council.,general claim benefits
Families,What is Parental Responsibility?,Parental Responsibility is the legal right to make decisions about a child's upbringing.,general claim benefits
Disabled or health condition,What is the Motability Scheme?,The Motability Scheme helps disabled people lease a car scooter or powered wheelchair.,general claim benefits
Disabled or health condition,How do I apply for a Disabled Facilities Grant?,Apply for a Disabled Facilities Grant through your local council.,general claim benefits
Disabled or health condition,What is Access to Work?,Access to Work provides support and funding for disabled people in the workplace.,general claim benefits
Disabled or health condition,Can I get help with medical equipment?,You may be eligible for financial support to buy necessary medical equipment.,general claim benefits
Disabled or health condition,What is Disability Premium?,Disability Premium is an additional amount added to certain benefits if you are disabled.,general claim benefits
Caring for someone,What is the National Carers Strategy?,The National Carers Strategy outlines the government’s plan to support carers.,general claim benefits
Caring for someone,How do I apply for respite care?,You can apply for respite care through your local council or care provider.,general claim benefits
Caring for someone,What is a carer's assessment?,A carer's assessment evaluates the needs of the carer to provide appropriate support.,general claim benefits
Caring for someone,Can I receive Carer’s Allowance if I’m in full-time education?,You generally cannot receive Carer’s Allowance if you’re in full-time education.,general claim benefits
Caring for someone,How do I register as a carer with my GP?,Inform your GP that you are a carer and they will note it on your medical records.,general claim benefits
Low income,What is Universal Credit advance?,Universal Credit advance is a loan you can apply for if you’re in financial need while waiting for your first Universal Credit payment.,general claim benefits
Low income,How do I apply for free school meals?,Apply for free school meals through your child's school or local council.,general claim benefits
Low income,What is the Discretionary Housing Payment?,The Discretionary Housing Payment helps people with housing costs who are receiving Housing Benefit or Universal Credit.,general claim benefits
Low income,Can I get help with council tax?,You may be eligible for a Council Tax Reduction if you’re on a low income.,general claim benefits
Low income,What is the Sure Start Maternity Grant?,The Sure Start Maternity Grant is a one-off payment to help with baby costs.,general claim benefits
When someone dies,How do I report a death?,You can report a death using the Tell Us Once service which notifies multiple government agencies.,general claim benefits
When someone dies,What is the Bereavement Support Payment?,The Bereavement Support Payment helps with the financial impact of losing a partner.,general claim benefits
When someone dies,Can I get financial help with funeral costs?,You may be eligible for a Funeral Expenses Payment if you’re on a low income.,general claim benefits
When someone dies,How do I apply for a Funeral Expenses Payment?,Apply for a Funeral Expenses Payment through the GOV.UK website.,general claim benefits
When someone dies,What is the Bereavement Service?,The Bereavement Service helps you report a death and check if you’re eligible for benefits.,general claim benefits
Manage existing benefit,How do I appeal a benefit decision?,You can appeal a benefit decision by requesting a mandatory reconsideration within one month.,general claim benefits
Manage existing benefit,How do I contact my benefit office?,You can find contact details for your benefit office on your latest correspondence or on the GOV.UK website.,general claim benefits
Manage existing benefit,What happens if I’m overpaid?,If you’re overpaid the amount will be deducted from future payments or you’ll need to repay it.,general claim benefits
Manage existing benefit,Can I get help with managing my benefit payments?,Yes budgeting advice and support are available through GOV.UK and local organizations.,general claim benefits
Manage existing benefit,What do I do if I lose my benefit card?,Report the loss immediately to your benefit office to get a replacement.,general claim benefits
Looking for work,How do I claim Jobseeker's Allowance?,You can claim Jobseeker's Allowance by applying online or by phone through the GOV.UK website.,general claim benefits
Looking for work,What is the Work Programme?,The Work Programme is designed to help long-term unemployed people find work.,general claim benefits
Looking for work,Can I volunteer while claiming Jobseeker’s Allowance?,Yes volunteering is allowed but it should not interfere with your job-seeking activities.,general claim benefits
Looking for work,What is the National Careers Service?,The National Careers Service offers advice and information on careers education and training.,general claim benefits
Looking for work,How do I prepare a covering letter for job applications?,A covering letter should highlight your skills and why you’re suitable for the job. Resources are available online to help.,general claim benefits
Temporarily unable to work,Can I claim ESA for mental health issues?,Yes Employment and Support Allowance can be claimed if mental health issues prevent you from working.,general claim benefits
Temporarily unable to work,What is the ESA Work Capability Assessment?,The Work Capability Assessment determines whether you are fit to work and your eligibility for ESA.,general claim benefits
Temporarily unable to work,How do I get a fit note?,A fit note is provided by your doctor if you’re too ill to work.,general claim benefits
Temporarily unable to work,What is the difference between ESA and PIP?,ESA is for those unable to work due to illness while PIP helps with the extra costs of a long-term health condition or disability.,general claim benefits
Temporarily unable to work,How do I claim SSP?,Statutory Sick Pay is claimed through your employer if you’re too ill to work.,general claim benefits
Families,What is the Childcare Grant?,The Childcare Grant is available to students in full-time higher education who have children.,general claim benefits
Families,How do I apply for Family Tax Credit?,Apply for Family Tax Credit through HM Revenue and Customs or the GOV.UK website.,general claim benefits
Families,Can I get support for my child’s education?,There are various grants and benefits available to support your child’s education.,general claim benefits
Families,What is the Child Trust Fund?,The Child Trust Fund is a long-term savings account set up for children born between 2002 and 2011.,general claim benefits
Families,How do I register a birth?,You must register your child’s birth within 42 days at your local registry office.,general claim benefits
Disabled or health condition,Can I get help with travel costs for medical appointments?,You may be eligible for help with travel costs through the NHS or your local council.,general claim benefits
Disabled or health condition,What is the Disabled Students’ Allowance?,The Disabled Students’ Allowance helps with extra costs for students with a disability.,general claim benefits
Disabled or health condition,How do I apply for Personal Independence Payment?,You can apply for PIP by filling out a form on the GOV.UK website or by phone.,general claim benefits
Disabled or health condition,Can I get help with housing if I’m disabled?,You may be eligible for a Disabled Facilities Grant to adapt your home to your needs.,general claim benefits
Disabled or health condition,What is the Disability Living Allowance?,Disability Living Allowance provides financial support for children with disabilities.,general claim benefits
Caring for someone,How do I apply for Carer’s Allowance?,Apply for Carer’s Allowance online or by phone through the GOV.UK website.,general claim benefits
Caring for someone,What is Carer's Credit?,Carer’s Credit helps carers fill gaps in their National Insurance record protecting their State Pension.,general claim benefits
Caring for someone,Can I get financial support for being a carer?,Yes Carer’s Allowance is the main benefit for carers with additional support available through other benefits.,general claim benefits
Caring for someone,How do I get help with respite care?,Respite care is provided by local councils and care agencies to give carers a break.,general claim benefits
Caring for someone,What is the Carer’s Allowance earnings limit?,You must earn less than a specified amount to qualify for Carer’s Allowance.,general claim benefits
Low income,How do I apply for Housing Benefit?,Housing Benefit helps pay your rent if you’re on a low income and you can apply through your local council.,general claim benefits
Low income,What is Pension Credit?,Pension Credit is an income-related benefit for people over State Pension age.,general claim benefits
Low income,Can I get help with utility bills?,You may be eligible for schemes like the Warm Home Discount or the Winter Fuel Payment.,general claim benefits
Low income,What is the Social Fund?,The Social Fund provides financial support for people in urgent need like after a disaster or in a crisis.,general claim benefits
Low income,How do I apply for a Budgeting Advance?,Apply for a Budgeting Advance if you’re on Universal Credit and need help with emergency costs.,general claim benefits
When someone dies,What happens to benefits when someone dies?,Most benefits stop after the death of the recipient but some may be transferred or adjusted.,general claim benefits
When someone dies,Can I get help with inheritance tax?,There are government schemes and advice available to help with inheritance tax if you qualify.,general claim benefits
When someone dies,How do I apply for Bereavement Allowance?,Apply for Bereavement Allowance through the GOV.UK website or by phone.,general claim benefits
When someone dies,What is the Death Grant?,The Death Grant was a payment made to help with funeral costs but it has been replaced by other schemes.,general claim benefits
When someone dies,Can I transfer my partner’s State Pension?,In some cases you may inherit part of your partner’s State Pension after their death.,general claim benefits
Manage existing benefit,How do I report fraud or misuse of benefits?,You can report suspected fraud online or by phone through the GOV.UK website.,general claim benefits
Manage existing benefit,What happens if my benefit application is rejected?,If your application is rejected you can request a mandatory reconsideration or appeal the decision.,general claim benefits
Manage existing benefit,How do I update my bank details for benefit payments?,Update your bank details through your online benefits account or by contacting your benefit office.,general claim benefits
Manage existing benefit,Can I receive benefits if I’m working?,You may be eligible for certain benefits even if you’re working depending on your income and circumstances.,general claim benefits
Manage existing benefit,What is a benefit cap?,A benefit cap is a limit on the total amount of benefits that most people aged 16 to 64 can receive.,general claim benefits
Looking for work,What is the Flexible Support Fund?,The Flexible Support Fund helps job seekers with the costs associated with finding work.,general claim benefits
Looking for work,Can I receive training while on Jobseeker’s Allowance?,Yes training opportunities are available and some may be funded through your benefits.,general claim benefits
Looking for work,How do I apply for the New Enterprise Allowance?,Apply through your Jobcentre Plus work coach who will assess your business idea.,general claim benefits
Looking for work,What is a work trial?,A work trial is a short-term placement with an employer where you can demonstrate your skills.,general claim benefits
Looking for work,What should I do if I lose my job?,You should apply for Jobseeker’s Allowance or Universal Credit and look for new job opportunities.,general claim benefits
Temporarily unable to work,Can I claim ESA if I have a temporary disability?,Yes you may be eligible for ESA if you have a temporary condition that affects your ability to work.,general claim benefits
Temporarily unable to work,What is an ESA50 form?,An ESA50 form is used to assess how your illness or disability affects your ability to work.,general claim benefits
Temporarily unable to work,How do I notify the government if I’m able to return to work?,Notify your benefits office or Jobcentre Plus as soon as you are able to return to work.,general claim benefits
Temporarily unable to work,Can I apply for ESA while on SSP?,You can apply for ESA when your Statutory Sick Pay ends if you’re still unable to work.,general claim benefits
Temporarily unable to work,What is the maximum duration for claiming SSP?,You can claim Statutory Sick Pay for up to 28 weeks.,general claim benefits
Families,What is the Child Maintenance Service?,The Child Maintenance Service helps separated parents provide financial support for their children.,general claim benefits
Families,How do I apply for Shared Parental Leave?,You must notify your employer at least eight weeks before you intend to take Shared Parental Leave.,general claim benefits
Families,What is Tax-Free Childcare?,Tax-Free Childcare helps working parents with the cost of childcare.,general claim benefits
Families,Can I get financial help for adopting a child?,Yes you may be eligible for Adoption Allowance and other financial support.,general claim benefits
Families,What is the Childcare Choices program?,Childcare Choices is a government initiative that offers financial support for childcare.,general claim benefits
Disabled or health condition,How do I apply for the Access to Work scheme?,Apply online or through your Jobcentre Plus work coach to receive support in the workplace.,general claim benefits
Disabled or health condition,What is Severe Disability Premium?,Severe Disability Premium is an extra amount paid on top of other benefits if you qualify.,general claim benefits
Disabled or health condition,Can I get help with home adaptations?,You may be eligible for a Disabled Facilities Grant to help adapt your home.,general claim benefits
Disabled or health condition,What is Industrial Injuries Disablement Benefit?,This benefit provides financial support if you’re disabled due to an accident at work.,general claim benefits
Disabled or health condition,How do I claim disability premiums?,Disability premiums are automatically added to certain benefits if you qualify.,general claim benefits
Caring for someone,What is Direct Payment for carers?,Direct Payments allow carers to receive funds directly to arrange care services.,general claim benefits
Caring for someone,Can I receive Carer's Allowance if I’m over State Pension age?,You can receive Carer’s Allowance if you’re over State Pension age but it may affect your pension.,general claim benefits
Caring for someone,How do I get a break from caring?,Respite care services can provide short-term relief for carers.,general claim benefits
Caring for someone,What support groups are available for carers?,There are numerous local and national support groups for carers that offer advice and community.,general claim benefits
Caring for someone,What is the Carer’s Allowance earnings limit?,You must earn less than a certain amount each week to qualify for Carer’s Allowance.,general claim benefits
Low income,What is the Jobcentre Plus Travel Discount Card?,This card offers discounted travel for job seekers to attend interviews and work.,general claim benefits
Low income,Can I get help with school uniforms?,Some local councils offer grants or vouchers to help with the cost of school uniforms.,general claim benefits
Low income,What is the Winter Fuel Payment?,The Winter Fuel Payment helps with heating costs during the winter months.,general claim benefits
Low income,How do I apply for Child Tax Credit?,Child Tax Credit helps with the costs of raising children and can be applied for through HMRC.,general claim benefits
Low income,What is the Discretionary Assistance Fund?,The Discretionary Assistance Fund provides emergency financial help in Wales.,general claim benefits
When someone dies,How do I cancel a State Pension after a death?,Contact the Pension Service to cancel a State Pension after someone dies.,general claim benefits
When someone dies,What happens to joint benefits when one person dies?,Joint benefits may be transferred or adjusted depending on the circumstances.,general claim benefits
When someone dies,Can I inherit my spouse’s private pension?,In some cases you may inherit part or all of your spouse’s private pension.,general claim benefits
When someone dies,What is Probate?,Probate is the legal process of dealing with someone’s estate after they die.,general claim benefits
When someone dies,How do I notify the bank of a death?,You should notify the deceased’s bank as soon as possible providing a death certificate and other necessary documents.,general claim benefits
Manage existing benefit,How do I report a change in my circumstances?,You can report changes in your circumstances through your online benefits account or by contacting your benefit office.,general claim benefits
Manage existing benefit,Can I backdate my benefit claim?,In some cases benefits can be backdated if you have a valid reason for the delay in your application.,general claim benefits
Manage existing benefit,What should I do if I receive a benefits overpayment?,Contact your benefits office immediately to arrange repayment or discuss your options.,general claim benefits
Manage existing benefit,How do I challenge a benefits decision?,You can request a mandatory reconsideration or appeal to challenge a benefits decision.,general claim benefits
Manage existing benefit,Can I receive more than one benefit?,Yes you may be eligible for multiple benefits depending on your circumstances.,general claim benefits
Looking for work,What is the Restart Scheme?,The Restart Scheme offers tailored support to help long-term unemployed people find work.,general claim benefits
Looking for work,Can I work part-time while on Jobseeker’s Allowance?,Yes but your allowance may be reduced based on your earnings.,general claim benefits
Looking for work,What is a work coach?,A work coach is assigned to you by Jobcentre Plus to help you find and stay in work.,general claim benefits
Looking for work,How do I apply for income support?,You can apply for income support through the GOV.UK website if you meet the eligibility criteria.,general claim benefits
Looking for work,What is the Kickstart Scheme?,The Kickstart Scheme provides funding to employers to create jobs for young people.,general claim benefits
Temporarily unable to work,What is New Style ESA?,New Style ESA is a contributory benefit for those who have paid enough National Insurance contributions.,general claim benefits
Temporarily unable to work,Can I receive ESA while receiving other benefits?,Yes you can receive ESA along with certain other benefits but it may affect the amount you get.,general claim benefits
Temporarily unable to work,What happens if I’m still sick after SSP ends?,You may be able to claim ESA or another benefit if you’re still unable to work after your SSP ends.,general claim benefits
Temporarily unable to work,How do I appeal an ESA decision?,You can appeal an ESA decision by requesting a mandatory reconsideration and if necessary appeal to a tribunal.,general claim benefits
Temporarily unable to work,What is permitted work while on ESA?,Permitted work allows you to work a limited number of hours and earn a certain amount while still receiving ESA.,general claim benefits
Families,What is Child Benefit?,Child Benefit is a payment made to parents or guardians to help with the cost of raising children.,general claim benefits
Families,How do I apply for Maternity Allowance?,Maternity Allowance is for those who don’t qualify for Statutory Maternity Pay and can be applied for through the GOV.UK website.,general claim benefits
Families,Can I get financial help with school trips?,Some schools and local councils offer financial help with school trips for low-income families.,general claim benefits
Families,What is Shared Parental Pay?,Shared Parental Pay allows parents to share time off work after the birth or adoption of a child.,general claim benefits
Families,How do I apply for a Child Trust Fund?,The Child Trust Fund was a savings scheme for children and while it’s no longer available you can manage existing accounts online.,general claim benefits
Disabled or health condition,What is the Disabled Facilities Grant?,The Disabled Facilities Grant helps with the cost of home adaptations for disabled people.,general claim benefits
Disabled or health condition,Can I get help with mobility aids?,You may be eligible for financial support to purchase mobility aids through various schemes.,general claim benefits
Disabled or health condition,What is the Blue Badge Scheme?,The Blue Badge Scheme allows disabled people to park closer to their destination.,general claim benefits
Disabled or health condition,How do I apply for Attendance Allowance?,Attendance Allowance is for people over State Pension age who need help with personal care and can be applied for online.,general claim benefits
Disabled or health condition,What is Severe Disablement Allowance?,Severe Disablement Allowance was a benefit for those unable to work due to illness or disability it’s now replaced by ESA for new claims.,general claim benefits
Caring for someone,What is Carer’s Support Allowance?,Carer’s Support Allowance is financial support for those who care for someone with a disability or illness.,general claim benefits
Caring for someone,How do I apply for Carer’s Credit?,Carer’s Credit helps fill gaps in your National Insurance record and can be applied for online.,general claim benefits
Caring for someone,What is the difference between Carer’s Allowance and Carer’s Credit?,Carer’s Allowance provides financial support while Carer’s Credit protects your State Pension by filling gaps in your National Insurance record.,general claim benefits
Caring for someone,Can I receive Carer’s Allowance if I’m retired?,You can receive Carer’s Allowance if you meet the criteria but it may affect your pension.,general claim benefits
Caring for someone,How do I get help with the emotional stress of caring?,There are support groups counseling services and helplines available for carers dealing with emotional stress.,general claim benefits
Low income,What is the Help to Save scheme?,Help to Save is a government savings account for people on low incomes offering bonuses on your savings.,general claim benefits
Low income,Can I get help with rent arrears?,If you’re struggling with rent arrears you may be eligible for a Discretionary Housing Payment or other support.,general claim benefits
Low income,What is the Local Welfare Assistance scheme?,The Local Welfare Assistance scheme provides emergency financial help often for things like food clothing and utilities.,general claim benefits
Low income,How do I apply for Working Tax Credit?,Working Tax Credit supports people on low incomes who are in work and you can apply through HMRC.,general claim benefits
Low income,What is the Hardship Fund?,The Hardship Fund provides financial assistance to those in urgent need often administered by local councils.,general claim benefits
When someone dies,What is a Coroner’s inquest?,A Coroner’s inquest is an investigation into a death that was sudden unexplained or suspicious.,general claim benefits
When someone dies,Can I claim bereavement benefits if I wasn’t married?,In some cases cohabiting partners may be eligible for bereavement benefits depending on the circumstances.,general claim benefits
When someone dies,How do I apply for Bereavement Support Payment?,Apply for Bereavement Support Payment through the GOV.UK website or by phone.,general claim benefits
When someone dies,What is the Tell Us Once service?,The Tell Us Once service allows you to report a death to most government organizations in one go.,general claim benefits
When someone dies,How do I arrange a funeral if I can’t afford it?,You may be eligible for a Funeral Expenses Payment if you’re on a low income and can’t afford the funeral costs.,general claim benefits
Eligibility,Who is eligible to file a medical negligence claim?,Any patient or their family member who has suffered harm due to substandard care can file a medical negligence claim.,nhs claim benefits
Eligibility,What must be proven to establish a medical negligence claim?,To establish a medical negligence claim you must prove that the care provided was below the standard expected and directly caused harm.,nhs claim benefits
Eligibility,Can family members claim for the death of a loved one due to medical negligence?,Yes family members can claim compensation if a loved one dies due to negligent medical care.,nhs claim benefits
Eligibility,Who can make a claim on behalf of a child in a medical negligence case?,A parent or legal guardian can file a claim on behalf of a child who has been harmed by medical negligence.,nhs claim benefits
Eligibility,Is it possible to claim for psychiatric harm caused by medical negligence?,Yes you can claim for psychiatric harm if it resulted from negligent medical treatment.,nhs claim benefits
Eligibility,What is the time limit to file a medical negligence claim?,Generally the time limit to file a medical negligence claim is three years from the date of injury or from the date the harm was discovered.,nhs claim benefits
Eligibility,Who can claim compensation for a birth injury?,Parents or guardians can claim compensation on behalf of a child who has suffered a birth injury due to medical negligence.,nhs claim benefits
Eligibility,Can a patient claim if they were harmed by a delayed diagnosis?,Yes patients can claim compensation if a delayed diagnosis caused harm due to substandard medical care.,nhs claim benefits
Eligibility,Are there any exceptions to the three-year time limit for filing claims?,Exceptions can be made if the claimant was a minor at the time of the injury or if the injury was not discovered immediately.,nhs claim benefits
Eligibility,What are the specific conditions for claiming on behalf of a deceased patient?,Claims on behalf of a deceased patient can be made if it can be proven that their death resulted from negligent medical care.,nhs claim benefits
Duty of Care,"What does ""duty of care"" mean in medical negligence?",Duty of care refers to the legal obligation of healthcare providers to offer a standard level of care to their patients.,nhs claim benefits
Duty of Care,How is a breach of duty of care determined in a medical negligence claim?,A breach of duty is determined if it can be shown that the care provided was below the standard expected of a competent professional.,nhs claim benefits
Duty of Care,Can a claim be made if the duty of care was not breached but the patient still suffered harm?,No for a successful claim it must be proven that the harm was a direct result of a breach of duty of care.,nhs claim benefits
Duty of Care,What is considered a breach of duty of care in surgical procedures?,A breach occurs when a surgeon fails to perform an operation to the accepted medical standards leading to patient harm.,nhs claim benefits
Duty of Care,How does the duty of care apply to mental health care providers?,Mental health care providers must offer care that meets the professional standards and a breach occurs if substandard care causes harm.,nhs claim benefits
Duty of Care,What role does informed consent play in the duty of care?,Informed consent is crucial; failing to obtain it can be considered a breach of duty if the patient suffers as a result.,nhs claim benefits
Duty of Care,Is misdiagnosis always considered a breach of duty of care?,Not always; a misdiagnosis is a breach only if it was due to negligence or failure to follow standard diagnostic procedures.,nhs claim benefits
Duty of Care,How does failure to diagnose impact duty of care claims?,Failure to diagnose can be considered a breach if it leads to harm that could have been prevented with timely intervention.,nhs claim benefits
Duty of Care,What is the significance of clinical guidelines in determining a breach of duty?,Clinical guidelines help establish the standard of care expected; deviation from these can indicate a breach of duty.,nhs claim benefits
Duty of Care,Can poor communication between healthcare providers be a breach of duty?,Yes poor communication that results in harm to the patient can be considered a breach of duty of care.,nhs claim benefits
Causation,What is causation in the context of medical negligence claims?,Causation refers to the need to prove that the harm suffered by the patient was directly caused by the negligent care provided.,nhs claim benefits
Causation,How do you prove causation in a medical negligence case?,Causation is proven by showing a direct link between the healthcare provider's breach of duty and the harm caused to the patient.,nhs claim benefits
Causation,Is it difficult to establish causation in medical negligence claims?,Establishing causation can be challenging especially in complex cases where multiple factors may have contributed to the harm.,nhs claim benefits
Causation,Can causation be established if the harm was only partially due to negligence?,Yes causation can still be established if negligence was a significant contributing factor to the harm even if not the sole cause.,nhs claim benefits
Causation,What evidence is needed to establish causation in a negligence claim?,Medical records expert testimony and other documentation that shows a direct link between the breach of duty and the harm caused are needed.,nhs claim benefits
Causation,"How does the ""but for"" test apply to proving causation?","The ""but for"" test is used to determine if the harm would not have occurred ""but for"" the negligent action or omission.",nhs claim benefits
Causation,What role do expert witnesses play in establishing causation?,Expert witnesses provide testimony to establish whether the harm resulted from the breach of duty and how it could have been avoided.,nhs claim benefits
Causation,Can causation be disproven if the patient had a pre-existing condition?,Causation can be complex in such cases but it must be shown that negligence significantly worsened the patient’s condition.,nhs claim benefits
Causation,How is causation addressed in cases involving delayed treatment?,Causation must show that the delay directly resulted in harm that would have been avoided with timely treatment.,nhs claim benefits
Causation,"What is the ""material contribution"" test in medical negligence claims?",The material contribution test assesses whether the negligent action materially contributed to the harm even if it was not the sole cause.,nhs claim benefits
Limitation,What is the limitation period for filing a medical negligence claim?,The limitation period is typically three years from the date of injury or the date when the injury was discovered.,nhs claim benefits
Limitation,Are there any exceptions to the three-year limitation period?,Yes exceptions include cases involving children or individuals who were mentally incapacitated at the time of the injury.,nhs claim benefits
Limitation,Can a claim be filed after the three-year limitation period has expired?,In some cases the court may allow a claim to proceed if there were valid reasons for the delay but this is not guaranteed.,nhs claim benefits
Limitation,What happens if the limitation period is missed?,If the limitation period is missed the claim may be time-barred and you may lose the right to seek compensation.,nhs claim benefits
Limitation,Does the limitation period apply to claims involving minors?,No the three-year limitation period typically starts when the minor reaches the age of 18.,nhs claim benefits
Limitation,How does the limitation period work for claims involving deceased patients?,The limitation period generally begins from the date of death or from when the cause of death was discovered.,nhs claim benefits
Limitation,Can the limitation period be extended in cases of late diagnosis?,Yes the limitation period may be extended if the injury or harm was not discovered until later.,nhs claim benefits
Limitation,What is the limitation period for claims involving mental health issues?,For individuals lacking mental capacity the limitation period does not begin until they regain capacity or a guardian is appointed.,nhs claim benefits
Limitation,How does the limitation period apply to continuing treatment?,If harm occurs over a period of continuing treatment the limitation period may start from the end of that treatment.,nhs claim benefits
Limitation,What steps should be taken if you're close to the end of the limitation period?,If you are nearing the end of the limitation period it's crucial to seek legal advice immediately to avoid losing your right to claim.,nhs claim benefits
Damages,What are general damages in a medical negligence claim?,General damages compensate for non-financial losses such as pain suffering and loss of amenity.,nhs claim benefits
Damages,What are special damages in a medical negligence claim?,Special damages cover financial losses and expenses incurred due to the injury such as medical bills and lost income.,nhs claim benefits
Damages,How are general and special damages different?,General damages cover non-economic losses while special damages compensate for specific financial expenses related to the injury.,nhs claim benefits
Damages,Can you claim both general and special damages in a medical negligence case?,Yes a successful claim can include both general and special damages to cover all aspects of the harm suffered.,nhs claim benefits
Damages,What factors influence the amount of general damages awarded?,The severity of the injury the impact on quality of life and the duration of pain and suffering influence the amount awarded.,nhs claim benefits
Damages,How are special damages calculated?,Special damages are calculated based on actual financial losses such as medical costs travel expenses and lost earnings.,nhs claim benefits
Damages,Can future losses be included in special damages?,Yes special damages can include compensation for future medical care and loss of future earnings due to the injury.,nhs claim benefits
Damages,What is the role of expert testimony in determining damages?,Experts provide assessments on the extent of the injury and the impact on the patient’s life which helps determine the amount of damages.,nhs claim benefits
Damages,How do courts assess claims for loss of earnings?,Courts consider the patient’s salary potential career progression and the duration of time they are unable to work.,nhs claim benefits
Damages,Are there caps on the amount of damages that can be awarded?,In the UK there is no fixed cap on damages but awards are guided by previous case law and judicial guidelines.,nhs claim benefits
DWP Reporting,What is the process for reporting a medical negligence claim to the DWP?,Claims affecting benefits should be reported to the DWP with full documentation detailing the injury and its impact on entitlements.,nhs claim benefits
DWP Reporting,Why must claims be reported to the DWP?,Reporting to the DWP is necessary if the injury affects benefits or if compensation might influence benefit entitlements.,nhs claim benefits
DWP Reporting,How does compensation impact benefits reported to the DWP?,Compensation may reduce the amount of benefits received and this must be reported to ensure accurate benefit adjustments.,nhs claim benefits
DWP Reporting,What documentation is needed to report a claim to the DWP?,You need to provide medical records details of the injury and the outcome of the claim when reporting to the DWP.,nhs claim benefits
DWP Reporting,Can the DWP recover benefits from a compensation award?,Yes the DWP may recover benefits paid to you if the compensation includes amounts for losses that benefits were intended to cover.,nhs claim benefits
DWP Reporting,How does the DWP handle overpayments in relation to compensation claims?,If overpayments were made due to a delay in reporting the DWP may seek to recover those amounts from the compensation awarded.,nhs claim benefits
DWP Reporting,What is the role of the Compensation Recovery Unit in DWP reporting?,The Compensation Recovery Unit (CRU) ensures that benefits are correctly adjusted following a compensation award.,nhs claim benefits
DWP Reporting,When should a medical negligence claim be reported to the DWP?,A claim should be reported as soon as it becomes clear that the injury might impact benefit entitlements.,nhs claim benefits
DWP Reporting,What happens if a claim is not reported to the DWP?,Failure to report can result in overpayment of benefits which the DWP may later seek to recover from the compensation awarded.,nhs claim benefits
DWP Reporting,Can legal advice help with DWP reporting in a negligence claim?,Yes legal advice can ensure that all necessary information is accurately reported to the DWP to avoid complications.,nhs claim benefits
Early Notification Scheme,What is the Early Notification Scheme?,The Early Notification Scheme is designed to promote early reporting and resolution of severe birth-related brain injuries.,nhs claim benefits
Early Notification Scheme,Who is covered by the Early Notification Scheme?,The scheme covers cases of severe brain injury occurring during birth which are reported within a specified timeframe.,nhs claim benefits
Early Notification Scheme,How does the Early Notification Scheme benefit families?,It helps families by providing early investigation and potential resolution of claims reducing the time and stress involved.,nhs claim benefits
Early Notification Scheme,What types of injuries are addressed by the Early Notification Scheme?,The scheme focuses on severe brain injuries sustained during birth particularly those related to oxygen deprivation.,nhs claim benefits
Early Notification Scheme,Is participation in the Early Notification Scheme mandatory?,Yes hospitals are required to report qualifying cases of severe brain injury to the scheme within a specific timeframe.,nhs claim benefits
Early Notification Scheme,How does the Early Notification Scheme expedite the claims process?,The scheme aims to resolve claims more quickly by initiating early investigations and encouraging early settlement discussions.,nhs claim benefits
Early Notification Scheme,What is the role of healthcare providers in the Early Notification Scheme?,Healthcare providers must report qualifying injuries and cooperate with investigations to facilitate early resolution of claims.,nhs claim benefits
Early Notification Scheme,Can claims outside of birth-related brain injuries use the Early Notification Scheme?,No the scheme is specifically focused on severe brain injuries occurring during birth and does not apply to other types of injuries.,nhs claim benefits
Early Notification Scheme,How does the Early Notification Scheme affect compensation awards?,The scheme encourages early settlements which can lead to quicker compensation payments without lengthy legal processes.,nhs claim benefits
Early Notification Scheme,What happens if a qualifying injury is not reported under the Early Notification Scheme?,Failure to report can lead to delays in claim resolution and may affect the ability to settle the claim early.,nhs claim benefits
Vaginal Mesh Claims,What are vaginal mesh claims?,Vaginal mesh claims involve seeking compensation for complications caused by vaginal mesh implants such as pain or erosion.,nhs claim benefits
Vaginal Mesh Claims,Who can file a vaginal mesh claim?,Women who have suffered complications from vaginal mesh implants such as pain infection or organ damage can file a claim.,nhs claim benefits
Vaginal Mesh Claims,What are the common complications associated with vaginal mesh implants?,Common complications include chronic pain infection erosion of the mesh into surrounding tissues and difficulty in removal.,nhs claim benefits
Vaginal Mesh Claims,How is liability established in vaginal mesh claims?,Liability is established by proving that the implant was defective or that the procedure was performed negligently leading to harm.,nhs claim benefits
Vaginal Mesh Claims,What compensation can be sought in vaginal mesh claims?,Compensation can cover medical expenses for corrective surgeries pain and suffering and any long-term impact on quality of life.,nhs claim benefits
Vaginal Mesh Claims,What evidence is needed to support a vaginal mesh claim?,Medical records proof of the complications and expert testimony linking the mesh implant to the injuries are crucial for supporting a claim.,nhs claim benefits
Vaginal Mesh Claims,How does the limitation period apply to vaginal mesh claims?,The limitation period typically starts from the date when the complications were discovered or should have been discovered.,nhs claim benefits
Vaginal Mesh Claims,Can vaginal mesh claims include future medical costs?,Yes claims can include compensation for future surgeries or ongoing medical care related to the complications caused by the mesh.,nhs claim benefits
Vaginal Mesh Claims,What are the legal precedents for vaginal mesh claims?,Legal precedents include successful claims where the courts have awarded compensation for pain suffering and corrective surgeries.,nhs claim benefits
Vaginal Mesh Claims,Are there any specific regulations regarding vaginal mesh implants?,Yes there have been regulations and guidelines issued to ensure the safety of vaginal mesh implants and to reduce the risk of complications.,nhs claim benefits
Sodium Valproate Claims,What are sodium valproate claims?,Sodium valproate claims involve seeking compensation for birth defects or developmental disorders caused by the use of the drug during pregnancy.,nhs claim benefits
Sodium Valproate Claims,Who is eligible to file a sodium valproate claim?,Parents of children born with birth defects or developmental disorders linked to the mother's use of sodium valproate during pregnancy can file a claim.,nhs claim benefits
Sodium Valproate Claims,What are the risks associated with sodium valproate during pregnancy?,Risks include a high likelihood of birth defects and developmental issues in children exposed to the drug in utero.,nhs claim benefits
Sodium Valproate Claims,How can causation be proven in sodium valproate claims?,Causation can be proven by linking the use of sodium valproate during pregnancy to the child’s birth defects or developmental issues.,nhs claim benefits
Sodium Valproate Claims,What compensation is available in sodium valproate claims?,Compensation can cover medical expenses special education needs and long-term care costs for the affected child.,nhs claim benefits
Sodium Valproate Claims,What is the limitation period for filing a sodium valproate claim?,The limitation period generally starts from the date of diagnosis of the birth defect or developmental disorder.,nhs claim benefits
Sodium Valproate Claims,How have courts ruled in previous sodium valproate claims?,Courts have awarded compensation in cases where it was proven that the drug caused significant harm to the child.,nhs claim benefits
Sodium Valproate Claims,What should be included in a sodium valproate claim?,Claims should include medical records proof of the child’s condition and evidence linking the condition to the drug’s use during pregnancy.,nhs claim benefits
Sodium Valproate Claims,Can claims be made for sodium valproate prescribed without proper warnings?,Yes if it can be proven that the healthcare provider failed to warn of the risks associated with the drug during pregnancy.,nhs claim benefits
Sodium Valproate Claims,What role do expert witnesses play in sodium valproate claims?,Expert witnesses provide critical testimony linking the drug to the child’s condition and assessing the long-term impact of the harm caused.,nhs claim benefits
Eligibility,Can I claim if the harm was caused by a medication error?,Yes patients who suffer harm due to medication errors such as incorrect dosage or wrong prescription can file a claim.,nhs claim benefits
Eligibility,What is the role of an independent medical expert in a negligence claim?,An independent medical expert assesses the standard of care provided and whether it deviated from accepted medical practices.,nhs claim benefits
Eligibility,Can I claim if the harm was caused by an inexperienced doctor?,Yes you can claim if the harm resulted from negligence regardless of the doctor’s experience level.,nhs claim benefits
Eligibility,What should I do if I believe I have a medical negligence claim?,Seek legal advice as soon as possible to assess the validity of your claim and understand the next steps.,nhs claim benefits
Eligibility,Can I claim for future complications caused by medical negligence?,Yes you can claim compensation for future complications if they are likely to arise from the initial negligent treatment.,nhs claim benefits
Duty of Care,Does a breach of duty of care include errors during surgery?,Yes surgical errors that result in harm can be considered a breach of duty of care if they occurred due to negligence.,nhs claim benefits
Duty of Care,How does the duty of care apply in emergency situations?,Even in emergencies healthcare providers must offer care that meets professional standards; failure to do so may constitute a breach.,nhs claim benefits
Duty of Care,Is failure to follow up on a patient’s condition a breach of duty?,Yes if a healthcare provider fails to adequately monitor and follow up on a patient’s condition it can be a breach of duty.,nhs claim benefits
Duty of Care,Can poor record-keeping be a breach of duty of care?,Yes inadequate record-keeping that leads to patient harm can be considered a breach of duty of care.,nhs claim benefits
Duty of Care,What happens if a healthcare provider does not follow standard procedures?,Failing to follow standard procedures that result in patient harm is typically considered a breach of duty of care.,nhs claim benefits
Causation,Can causation be established if multiple factors contributed to the harm?,Yes causation can be established if the negligent act was a significant factor in causing the harm even if other factors were involved.,nhs claim benefits
Causation,How is causation proven in cases of delayed diagnosis?,Causation is proven by demonstrating that the delay in diagnosis directly led to a worsening of the patient’s condition.,nhs claim benefits
Causation,Can causation be disproven if the harm was unavoidable?,Yes if it can be shown that the harm would have occurred regardless of the negligence causation may not be established.,nhs claim benefits
Causation,What is the significance of medical records in establishing causation?,Medical records provide crucial evidence that links the negligent act to the harm suffered supporting the claim of causation.,nhs claim benefits
Causation,How does expert testimony support causation in complex cases?,Expert testimony helps clarify the connection between the breach of duty and the resulting harm especially in medically complex cases.,nhs claim benefits
Limitation,What is the limitation period for claims involving birth injuries?,For birth injuries the limitation period usually starts when the child turns 18 allowing them to claim up to the age of 21.,nhs claim benefits
Limitation,Can the limitation period be extended in cases of gradual onset of symptoms?,Yes if symptoms develop gradually the limitation period may begin from the date the symptoms were first recognized as related to negligence.,nhs claim benefits
Limitation,What steps can be taken if the limitation period is close to expiring?,You should file the claim as soon as possible or apply to the court for an extension if there are valid reasons for the delay.,nhs claim benefits
Limitation,How does the limitation period affect claims for psychological harm?,The limitation period for psychological harm claims typically starts from the date the harm is diagnosed or recognized.,nhs claim benefits
Limitation,Can a claim be filed if the patient was unaware of the harm within the limitation period?,Yes the limitation period can start from the date the patient became aware of the harm not necessarily when it occurred.,nhs claim benefits
Damages,How do courts assess compensation for loss of consortium?,Courts assess the impact of the injury on the claimant’s relationship with their partner when awarding compensation for loss of consortium.,nhs claim benefits
Damages,Can compensation cover the cost of private medical treatment?,Yes special damages can include the cost of private medical treatment if it is necessary due to the injury caused by negligence.,nhs claim benefits
Damages,How is compensation calculated for loss of future earnings?,Compensation for loss of future earnings is based on the patient’s age occupation and the impact of the injury on their ability to work.,nhs claim benefits
Damages,Can you claim for the cost of care provided by family members?,Yes the cost of care provided by family members can be claimed as special damages if it was necessary due to the injury.,nhs claim benefits
Damages,What role do rehabilitation costs play in special damages?,Rehabilitation costs including physiotherapy and occupational therapy are included in special damages if they are required due to the injury.,nhs claim benefits
DWP Reporting,What should be reported to the DWP if the claim affects disability benefits?,You should report the full details of the injury and the compensation awarded as it may affect the amount of disability benefits received.,nhs claim benefits
DWP Reporting,How does the DWP calculate benefit recovery from compensation awards?,The DWP calculates the recovery amount based on the overlap between the compensation and the benefits received for the same injury.,nhs claim benefits
DWP Reporting,Can the DWP claim back benefits paid due to an injury?,Yes if compensation is awarded for the injury the DWP can recover the benefits paid during the period of injury-related incapacity.,nhs claim benefits
DWP Reporting,What happens if compensation is awarded for future losses?,If compensation includes amounts for future losses it may reduce or eliminate future benefit entitlements which must be reported to the DWP.,nhs claim benefits
DWP Reporting,What is the role of a solicitor in DWP reporting for negligence claims?,A solicitor ensures that all necessary information is accurately reported to the DWP and advises on the impact of the compensation on benefits.,nhs claim benefits
Early Notification Scheme,How does the Early Notification Scheme improve patient safety?,The scheme encourages early identification of issues which can lead to improvements in patient safety and prevent future harm.,nhs claim benefits
Early Notification Scheme,What happens if an injury is identified too late for the Early Notification Scheme?,If an injury is identified after the reporting window it may not qualify for the scheme but can still be pursued as a standard negligence claim.,nhs claim benefits
Early Notification Scheme,How does the Early Notification Scheme differ from standard claims processes?,The scheme aims for quicker resolution and settlement often without the need for lengthy court proceedings.,nhs claim benefits
Early Notification Scheme,What support is available to families through the Early Notification Scheme?,Families receive support through early communication access to medical records and potential early settlement of claims.,nhs claim benefits
Early Notification Scheme,Can the Early Notification Scheme be used for injuries outside of the birth context?,No the scheme is specifically designed for severe brain injuries that occur during birth and does not apply to other types of injuries.,nhs claim benefits
Vaginal Mesh Claims,How has the use of vaginal mesh been regulated following complications?,Regulations have tightened and the use of vaginal mesh is now restricted with patients required to receive full information about risks.,nhs claim benefits
Vaginal Mesh Claims,What are the alternatives to vaginal mesh for treating pelvic organ prolapse?,Alternatives include physiotherapy pessaries and non-mesh surgical options that do not carry the same risks as vaginal mesh implants.,nhs claim benefits
Vaginal Mesh Claims,Can a claim be made if the vaginal mesh was implanted years ago?,Yes claims can still be made as long as they are within the limitation period starting from when the complications were discovered.,nhs claim benefits
Vaginal Mesh Claims,What is the process for removing a vaginal mesh implant?,Removal is complex and may require multiple surgeries especially if the mesh has eroded into surrounding tissues.,nhs claim benefits
Vaginal Mesh Claims,Can you claim for emotional distress caused by vaginal mesh complications?,Yes compensation for emotional distress can be included if it resulted from complications related to vaginal mesh implants.,nhs claim benefits
Sodium Valproate Claims,What legal precedents exist for sodium valproate claims?,Several legal precedents have resulted in compensation awards for children affected by sodium valproate focusing on failure to warn of risks.,nhs claim benefits
Sodium Valproate Claims,What information should have been provided to patients about sodium valproate?,Patients should have been informed about the significant risks of birth defects and developmental disorders associated with the drug.,nhs claim benefits
Sodium Valproate Claims,How does the court determine compensation in sodium valproate claims?,Compensation is based on the severity of the child’s condition the impact on quality of life and the cost of ongoing care and support.,nhs claim benefits
Sodium Valproate Claims,Can claims be made for developmental disorders linked to sodium valproate?,Yes claims can be made for developmental disorders if it can be proven they were caused by exposure to sodium valproate during pregnancy.,nhs claim benefits
Sodium Valproate Claims,What role do healthcare providers play in sodium valproate claims?,Healthcare providers may be liable if they failed to warn patients about the risks of using sodium valproate during pregnancy.,nhs claim benefits
Eligibility,Can I make a claim if I received incorrect test results?,Yes if incorrect test results led to harm or delayed treatment you may be eligible to make a claim.,nhs claim benefits
Eligibility,Is it possible to claim for negligence if I consented to the procedure?,Yes but only if it can be shown that the harm was caused by negligence and not a known risk that you were informed about.,nhs claim benefits
Eligibility,Can I file a claim for a loved one who passed away due to medical negligence?,Yes close family members can file a claim on behalf of a deceased relative if the death was due to medical negligence.,nhs claim benefits
Eligibility,What evidence is required to prove medical negligence?,Evidence such as medical records expert testimonies and a detailed account of the events leading to the harm are required.,nhs claim benefits
Eligibility,Can a claim be made for psychological harm resulting from negligent care?,Yes psychological harm such as PTSD caused by negligent care can be grounds for a claim.,nhs claim benefits
Duty of Care,Can a healthcare provider be liable for failing to obtain informed consent?,Yes failing to obtain informed consent before a procedure can be a breach of duty of care if it leads to patient harm.,nhs claim benefits
Duty of Care,What constitutes a breach of duty in the context of follow-up care?,A breach occurs when a healthcare provider fails to provide adequate follow-up care leading to patient harm.,nhs claim benefits
Duty of Care,How does misdiagnosis relate to a breach of duty of care?,A misdiagnosis can be considered a breach if it falls below the accepted standard of care and results in harm.,nhs claim benefits
Duty of Care,Is failure to refer a patient to a specialist a breach of duty?,Yes if the failure to refer a patient to a specialist leads to harm it can be considered a breach of duty of care.,nhs claim benefits
Duty of Care,What is the importance of patient safety protocols in preventing a breach of duty?,Patient safety protocols are critical in ensuring care meets required standards and failure to follow them can constitute a breach.,nhs claim benefits
Causation,How is causation affected if multiple healthcare providers were involved?,Causation can still be established if it can be shown that the harm resulted directly from the negligence of any involved provider.,nhs claim benefits
Causation,"What role does the ""but for"" test play in establishing causation?","The ""but for"" test helps determine if the harm would have occurred if not for the negligent act or omission.",nhs claim benefits
Causation,Can causation be established if the harm was a known risk?,Causation may be harder to prove if the harm was a known risk unless it can be shown that negligence increased the risk.,nhs claim benefits
Causation,How do time delays impact proving causation in negligence claims?,Time delays can complicate proving causation but if the delay directly worsened the condition causation can be established.,nhs claim benefits
Causation,What is the role of a second opinion in establishing causation?,A second opinion can provide critical evidence in establishing that the initial care was negligent and caused harm.,nhs claim benefits
Limitation,How does the limitation period apply to claims for minors?,The limitation period for minors typically begins when they turn 18 giving them until they are 21 to file a claim.,nhs claim benefits
Limitation,Can the limitation period be extended in cases involving mental incapacity?,Yes the limitation period can be extended if the claimant is mentally incapacitated and unable to manage their own affairs.,nhs claim benefits
Limitation,What happens if the limitation period has expired?,If the limitation period has expired the claim may be barred unless the court grants an extension based on special circumstances.,nhs claim benefits
Limitation,Can I still claim if the injury occurred abroad?,Yes but the limitation period and legal process may vary depending on the country where the injury occurred.,nhs claim benefits
Limitation,How does the limitation period differ for different types of claims?,Different types of claims may have different limitation periods so it's essential to seek legal advice as soon as possible.,nhs claim benefits
Damages,How are damages for future medical expenses calculated?,Future medical expenses are calculated based on the expected cost of care and treatment over the patient’s lifetime.,nhs claim benefits
Damages,Can compensation include the cost of assistive devices?,Yes compensation can cover the cost of assistive devices like wheelchairs prosthetics or hearing aids if they are needed due to the injury.,nhs claim benefits
Damages,What factors influence the amount of general damages awarded?,Factors include the severity of the injury the impact on the claimant’s life and comparable cases in legal precedent.,nhs claim benefits
Damages,How is compensation for pain and suffering determined?,Compensation for pain and suffering is based on the severity of the pain and its impact on the claimant's quality of life.,nhs claim benefits
Damages,Can special damages include the cost of home modifications?,Yes special damages can include the cost of necessary home modifications such as ramps or widened doorways due to the injury.,nhs claim benefits
DWP Reporting,What must be included in a report to the DWP regarding compensation?,The report must include details of the injury the compensation amount and how it might affect the claimant’s benefit entitlements.,nhs claim benefits
DWP Reporting,How does the Compensation Recovery Unit (CRU) interact with claims?,The CRU recovers benefits paid due to the injury from the compensation awarded ensuring no double compensation.,nhs claim benefits
DWP Reporting,Can you challenge the amount the DWP seeks to recover?,Yes you can challenge the recovery amount if you believe it does not accurately reflect the benefits received due to the injury.,nhs claim benefits
DWP Reporting,What is the impact of compensation on means-tested benefits?,Compensation may reduce or eliminate eligibility for means-tested benefits depending on the amount awarded.,nhs claim benefits
DWP Reporting,How do I ensure compliance with DWP reporting requirements in a claim?,Working with a solicitor can help ensure that all necessary information is reported to the DWP accurately and in a timely manner.,nhs claim benefits
Early Notification Scheme,How does the Early Notification Scheme help in resolving claims?,The scheme facilitates quicker resolution of claims often without the need for prolonged litigation by encouraging early settlement.,nhs claim benefits
Early Notification Scheme,What are the benefits of early notification for claimants?,Benefits include faster resolution less stress and potentially higher compensation due to reduced legal costs.,nhs claim benefits
Early Notification Scheme,Can claims under the Early Notification Scheme be escalated to court?,Yes if a settlement is not reached claims can still be taken to court under the standard legal process.,nhs claim benefits
Early Notification Scheme,How does early notification impact the investigation process?,Early notification allows for a more thorough and timely investigation which can lead to a more accurate and fair outcome.,nhs claim benefits
Early Notification Scheme,What role do medical experts play in the Early Notification Scheme?,Medical experts provide early assessments that can help establish the validity of a claim and the extent of the harm caused.,nhs claim benefits
Vaginal Mesh Claims,What legal actions have been taken regarding vaginal mesh complications?,Several class actions and individual lawsuits have been filed leading to significant compensation for affected patients.,nhs claim benefits
Vaginal Mesh Claims,How do you prove negligence in a vaginal mesh claim?,Negligence can be proven by showing that the risks were not adequately communicated or that the mesh was improperly implanted.,nhs claim benefits
Vaginal Mesh Claims,Can you claim for lost wages due to complications from vaginal mesh?,Yes lost wages can be claimed if complications from the mesh led to an inability to work.,nhs claim benefits
Vaginal Mesh Claims,What is the process for obtaining medical records for a vaginal mesh claim?,You can request your medical records from the hospital or clinic where the mesh was implanted to support your claim.,nhs claim benefits
Vaginal Mesh Claims,Can I join a group claim if I was affected by vaginal mesh?,Yes many patients affected by vaginal mesh complications join group claims to strengthen their case and share legal costs.,nhs claim benefits
Sodium Valproate Claims,What should I do if I suspect harm from sodium valproate during pregnancy?,Seek legal advice immediately to explore your options for making a claim and obtaining compensation.,nhs claim benefits
Sodium Valproate Claims,How has the regulation of sodium valproate changed over time?,Regulations have become stricter requiring clear warnings about the risks associated with sodium valproate especially during pregnancy.,nhs claim benefits
Sodium Valproate Claims,Can you claim for the cost of special education due to sodium valproate exposure?,Yes compensation can include the cost of special education if the exposure led to developmental disorders requiring such services.,nhs claim benefits
Sodium Valproate Claims,What evidence is needed to support a sodium valproate claim?,Evidence such as medical records prescription details and expert testimony linking the drug to the harm is essential.,nhs claim benefits
Sodium Valproate Claims,Are there support groups for those affected by sodium valproate?,Yes several support groups exist to help affected families connect share experiences and pursue claims together.,nhs claim benefits
Eligibility,Can I claim if my condition worsened due to delayed treatment?,Yes if the delay in treatment directly led to a worsening of your condition you may be eligible to claim.,nhs claim benefits
Eligibility,What if I wasn't informed of all the treatment risks?,You may be able to claim if it can be shown that lack of informed consent contributed to the harm you suffered.,nhs claim benefits
Eligibility,Can I claim for poor aftercare following surgery?,Yes if the poor aftercare led to complications or a worsening of your condition you may be eligible to make a claim.,nhs claim benefits
Eligibility,Is it possible to claim if I didn't follow all medical advice?,Yes but it may be more challenging to claim if it can be shown that not following medical advice contributed to the harm.,nhs claim benefits
Eligibility,Can I file a claim if my doctor was acting under emergency conditions?,Claims under emergency conditions are possible but may be more complex as the standard of care may differ in emergencies.,nhs claim benefits
Duty of Care,How does a failure to diagnose impact duty of care?,A failure to diagnose a condition can be a breach of duty if it results in harm that could have been avoided with proper diagnosis.,nhs claim benefits
Duty of Care,Is a miscommunication between healthcare providers a breach of duty?,Yes miscommunication that leads to patient harm can be considered a breach of duty of care.,nhs claim benefits
Duty of Care,Can incorrect patient records lead to a breach of duty?,Yes if incorrect records result in inappropriate treatment or harm it could be considered a breach of duty.,nhs claim benefits
Duty of Care,What is the role of clinical guidelines in determining a breach of duty?,Clinical guidelines set the standard of care and failure to follow them can be evidence of a breach of duty.,nhs claim benefits
Duty of Care,Can a breach of duty occur if a procedure is performed by an inexperienced doctor?,Yes especially if the lack of experience directly contributes to patient harm it can be considered a breach of duty.,nhs claim benefits
Causation,How does pre-existing condition affect causation in a negligence claim?,Causation can still be proven if it’s shown that the negligence exacerbated or worsened a pre-existing condition.,nhs claim benefits
Causation,Can a hospital's systemic issues be considered in establishing causation?,Yes if systemic issues like understaffing contributed to the harm they can be relevant to establishing causation.,nhs claim benefits
Causation,"What is the ""material contribution"" test in causation?",This test is used when multiple factors contributed to harm and it must be shown that the negligence made a material contribution.,nhs claim benefits
Causation,How do expert medical opinions influence causation?,Expert opinions are critical in proving that the harm resulted directly from the negligent act or omission.,nhs claim benefits
Causation,Can causation be proven if there are multiple possible causes of harm?,Yes but it may require demonstrating that the negligent act was the most probable cause of the harm.,nhs claim benefits
Limitation,What is the limitation period for claims involving children?,The limitation period typically starts when the child turns 18 giving them until they are 21 to file a claim.,nhs claim benefits
Limitation,Are there any exceptions to the three-year limitation rule?,Yes exceptions include cases of mental incapacity or if the injury was not discovered until later.,nhs claim benefits
Limitation,How does the limitation period apply to overseas treatment claims?,Limitation periods for overseas treatment may vary depending on the laws of the country where the treatment occurred.,nhs claim benefits
Limitation,Can I extend the limitation period if the injury was only discovered recently?,Yes in some cases the limitation period can be extended if the injury was not discovered until later.,nhs claim benefits
Limitation,What happens if I miss the limitation period for filing a claim?,If the limitation period is missed you may be unable to pursue the claim unless the court grants an extension under special circumstances.,nhs claim benefits
Damages,How are future loss of earnings calculated in damages?,Future loss of earnings is calculated based on expected career progression salary increases and retirement age.,nhs claim benefits
Damages,Can I claim for psychological impact in addition to physical injuries?,Yes damages can include compensation for psychological impact such as anxiety depression or PTSD resulting from the injury.,nhs claim benefits
Damages,What are aggravated damages?,Aggravated damages are awarded when the defendant’s conduct has been particularly egregious or has caused additional distress.,nhs claim benefits
Damages,How do you prove special damages in a claim?,Special damages must be proven with receipts invoices and other documentation showing the actual financial loss incurred.,nhs claim benefits
Damages,Can damages include compensation for loss of amenity?,Yes loss of amenity or the inability to enjoy life as before is a key factor in determining general damages.,nhs claim benefits
DWP Reporting,When should a claim be reported to the DWP?,A claim should be reported to the DWP as soon as compensation is awarded or agreed upon to ensure compliance with benefit regulations. ,nhs claim benefits
DWP Reporting,What happens if a claim is not reported to the DWP?,Failing to report a claim to the DWP can lead to penalties including the recovery of benefits paid due to the injury. ,nhs claim benefits
DWP Reporting,How does the DWP calculate the amount to recover from compensation?,The DWP calculates the amount based on the benefits paid to the claimant due to the injury and deducts it from the compensation. ,nhs claim benefits
DWP Reporting,Can I negotiate the amount the DWP seeks to recover?,In some cases it may be possible to negotiate or challenge the recovery amount if you believe it is incorrect. ,nhs claim benefits
DWP Reporting,What information is required when reporting a claim to the DWP?,Details of the injury compensation amount and the impact on any benefits the claimant receives must be provided to the DWP. ,nhs claim benefits
Early Notification Scheme,What types of claims are suitable for the Early Notification Scheme?,Claims involving severe birth injuries such as cerebral palsy are typically suitable for early notification. ,nhs claim benefits
Early Notification Scheme,How does the Early Notification Scheme reduce legal costs?,The scheme encourages early settlement reducing the need for lengthy litigation and associated legal costs. ,nhs claim benefits
Early Notification Scheme,Can the Early Notification Scheme be used for non-birth-related claims?,No the scheme is specifically designed for early resolution of birth-related injury claims. ,nhs claim benefits
Early Notification Scheme,How does the Early Notification Scheme benefit the NHS?,The scheme helps the NHS address and resolve claims more quickly reducing the potential for costly legal battles. ,nhs claim benefits
Early Notification Scheme,What is the role of the NHS Resolution in the Early Notification Scheme?,NHS Resolution manages the scheme ensuring claims are handled efficiently and fairly with a focus on early settlement. ,nhs claim benefits
Vaginal Mesh Claims,What compensation is available for complications from vaginal mesh?,Compensation may include damages for pain and suffering lost wages and medical costs related to the complications. ,nhs claim benefits
Vaginal Mesh Claims,How do you start a claim for vaginal mesh complications?,Start by consulting a solicitor specializing in medical negligence to assess your case and gather necessary medical records. ,nhs claim benefits
Vaginal Mesh Claims,What are the long-term effects of vaginal mesh complications?,Long-term effects can include chronic pain infection and the need for further surgeries to remove or repair the mesh. ,nhs claim benefits
Vaginal Mesh Claims,Can you claim for emotional distress caused by vaginal mesh complications?,Yes emotional distress is a recognized component of damages and can be included in your compensation claim. ,nhs claim benefits
Vaginal Mesh Claims,What legal precedents exist for vaginal mesh claims?,Several high-profile cases have set precedents resulting in substantial compensation for those affected by mesh complications. ,nhs claim benefits
Sodium Valproate Claims,What are the legal implications of prescribing sodium valproate during pregnancy?,Prescribing sodium valproate during pregnancy without proper warnings may be considered negligent if it results in harm to the child. ,nhs claim benefits
Sodium Valproate Claims,Can fathers of children affected by sodium valproate exposure claim compensation?,Yes fathers can also claim compensation if their child was harmed by sodium valproate exposure during pregnancy. ,nhs claim benefits
Sodium Valproate Claims,What role do support groups play in sodium valproate claims?,Support groups provide resources information and collective action opportunities for those affected by sodium valproate. ,nhs claim benefits
Sodium Valproate Claims,Can you claim for future care needs due to sodium valproate exposure?,Yes future care needs including specialized education and medical treatment can be included in the compensation claim. ,nhs claim benefits
Sodium Valproate Claims,What steps should be taken if harm from sodium valproate is suspected?,Seek legal advice immediately to explore your options for making a claim and obtaining compensation.,nhs claim benefits
